age,sex,bmi,children,smoker,region,charges
64,male,23.76,0,yes,southeast,26926.5144
21,male,25.745,2,no,northeast,3279.86855
31,male,29.81,0,yes,southeast,19350.3689
58,female,39.05,0,no,southeast,11856.4115
38,male,29.26,2,no,northwest,6457.8434
46,male,42.35,3,yes,southeast,46151.1245
50,female,27.6,1,yes,southwest,24520.264
39,female,23.87,5,no,southeast,8582.3023
25,female,20.8,1,no,southwest,3208.787
53,female,33.25,0,no,northeast,10564.8845
41,male,32.2,2,no,southwest,6875.961
29,male,22.895,0,yes,northeast,16138.76205
32,female,41.1,0,no,southwest,3989.841
50,female,25.6,0,no,southwest,8932.084
42,male,34.1,0,no,southwest,5979.731
23,male,24.51,0,no,northeast,2396.0959
22,female,21.28,3,no,northwest,4296.2712
40,female,25.46,1,no,northeast,7077.1894
23,male,41.91,0,no,southeast,1837.2819
40,female,29.81,1,no,southeast,6500.2359
54,male,39.6,1,no,southwest,10450.552
52,male,33.25,0,no,northeast,9722.7695
34,male,27.0,2,no,southwest,11737.84884
54,male,30.21,0,no,northwest,10231.4999
48,male,32.3,1,no,northwest,8765.249
36,male,29.7,0,no,southeast,4399.731
35,male,27.74,2,yes,northeast,20984.0936
64,female,26.885,0,yes,northwest,29330.98315
53,male,26.41,2,no,northeast,11244.3769
39,male,21.85,1,no,northwest,6117.4945
48,female,41.23,4,no,northwest,11033.6617
64,male,24.7,1,no,northwest,30166.61817
51,female,34.1,0,no,southeast,9283.562
52,female,38.38,2,no,northeast,11396.9002
18,male,33.33,0,no,southeast,1135.9407
29,female,29.59,1,no,southeast,3947.4131
28,female,37.62,1,no,southeast,3766.8838
50,male,25.365,2,no,northwest,30284.64294
28,male,38.06,0,no,southeast,2689.4954
50,male,36.2,0,no,southwest,8457.818
37,male,30.8,0,no,southwest,4646.759
28,female,28.88,1,no,northeast,4337.7352
59,male,41.14,1,yes,southeast,48970.2476
62,male,32.11,0,no,northeast,13555.0049
52,male,34.485,3,yes,northwest,60021.39897
60,male,29.64,0,no,northeast,12730.9996
60,male,24.32,1,no,northwest,13112.6048
25,male,25.74,0,no,southeast,2137.6536
37,female,25.555,1,yes,northeast,20296.86345
38,male,28.025,1,no,northeast,6067.12675
21,female,21.85,1,yes,northeast,15359.1045
56,female,35.8,1,no,southwest,11674.13
29,female,24.6,2,no,southwest,4529.477
20,female,24.42,0,yes,southeast,26125.67477
53,female,38.06,3,no,southeast,20462.99766
53,female,22.88,1,yes,southeast,23244.7902
18,female,20.79,0,no,southeast,1607.5101
50,male,32.205,0,no,northwest,8835.26495
31,female,32.775,2,no,northwest,5327.40025
60,male,33.11,3,no,southeast,13919.8229
25,male,23.9,5,no,southwest,5080.096
58,male,38.0,0,no,southwest,11365.952
41,male,21.78,1,no,southeast,6272.4772
49,female,21.3,1,no,southwest,9182.17
63,female,36.85,0,no,southeast,13887.9685
18,male,31.68,2,yes,southeast,34303.1672
44,female,20.235,1,yes,northeast,19594.80965
34,male,25.3,2,yes,southeast,18972.495
41,female,31.6,0,no,southwest,6186.127
48,male,34.3,3,no,southwest,9563.029
42,female,26.18,1,no,southeast,7046.7222
24,female,29.925,0,no,northwest,2850.68375
44,female,43.89,2,yes,southeast,46200.9851
35,female,26.125,0,no,northeast,5227.98875
23,female,32.78,2,yes,southeast,36021.0112
26,male,31.065,0,no,northwest,2699.56835
20,male,35.31,1,no,southeast,27724.28875
64,male,39.16,1,no,southeast,14418.2804
25,female,28.595,0,no,northeast,3213.62205
21,female,17.4,1,no,southwest,2585.269
32,female,28.93,0,no,southeast,3972.9247
32,female,24.6,0,yes,southwest,17496.306
25,male,35.625,0,no,northwest,2534.39375
62,female,39.2,0,no,southwest,13470.86
23,female,28.31,0,yes,northwest,18033.9679
33,female,22.135,1,no,northeast,5354.07465
26,female,17.195,2,yes,northeast,14455.64405
45,female,39.995,3,no,northeast,9704.66805
38,female,28.93,1,no,southeast,5974.3847
51,female,37.05,3,yes,northeast,46255.1125
42,female,29.0,1,no,southwest,7050.642
28,male,33.0,3,no,southeast,4449.462
19,male,20.3,0,no,southwest,1242.26
24,female,26.6,0,no,northeast,3046.062
57,female,25.74,2,no,southeast,12629.1656
33,female,18.5,1,no,southwest,4766.022
55,male,33.88,3,no,southeast,11987.1682
42,male,28.31,3,yes,northwest,32787.45859
34,male,42.9,1,no,southwest,4536.259
30,female,19.95,3,no,northwest,5693.4305
57,male,23.7,0,no,southwest,10959.33
26,male,29.15,1,no,southeast,2902.9065
19,male,19.8,0,no,southwest,1241.565
56,male,39.6,0,no,southwest,10601.412
24,female,27.72,0,no,southeast,2464.6188
36,female,26.2,0,no,southwest,4883.866
43,male,35.97,3,yes,southeast,42124.5153
56,male,26.695,1,yes,northwest,26109.32905
61,female,28.2,0,no,southwest,13041.921
25,female,32.23,1,no,southeast,18218.16139
28,male,37.1,1,no,southwest,3277.161
51,female,34.2,1,no,southwest,9872.701
19,female,32.49,0,yes,northwest,36898.73308
19,male,20.9,1,no,southwest,1832.094
25,male,24.985,2,no,northeast,23241.47453
31,male,25.9,3,yes,southwest,19199.944
32,male,37.335,1,no,northeast,4667.60765
31,male,28.5,5,no,northeast,6799.458
58,male,36.08,0,no,southeast,11363.2832
55,female,30.14,2,no,southeast,11881.9696
64,female,35.97,0,no,southeast,14313.8463
58,female,29.0,0,no,southwest,11842.442
22,female,39.805,0,no,northeast,2755.02095
22,male,25.175,0,no,northwest,2045.68525
27,female,31.255,1,no,northwest,3956.07145
32,female,17.765,2,yes,northwest,32734.1863
48,male,29.6,0,no,southwest,21232.18226
57,female,31.825,0,no,northwest,11842.62375
35,male,34.77,2,no,northwest,5729.0053
55,female,29.7,2,no,southwest,11881.358
64,female,32.965,0,no,northwest,14692.66935
32,male,28.93,1,yes,southeast,19719.6947
51,female,34.96,2,yes,northeast,44641.1974
21,female,26.4,1,no,southwest,2597.779
41,male,35.75,1,yes,southeast,40273.6455
25,female,22.515,1,no,northwest,3594.17085
57,male,28.1,0,no,southwest,10965.446
31,female,31.065,0,no,northeast,4347.02335
64,female,30.115,3,no,northwest,16455.70785
39,male,29.925,1,yes,northeast,22462.04375
43,female,35.64,1,no,southeast,7345.7266
25,male,33.66,4,no,southeast,4504.6624
47,male,28.215,3,yes,northwest,24915.22085
45,male,21.375,0,no,northwest,7222.78625
59,male,26.4,0,no,southeast,11743.299
30,male,27.645,1,no,northeast,4237.12655
45,female,31.79,0,no,southeast,17929.30337
39,female,24.225,5,no,northwest,8965.79575
31,male,36.3,2,yes,southwest,38711.0
34,female,19.0,3,no,northeast,6753.038
33,female,39.82,1,no,southeast,4795.6568
19,male,27.265,2,no,northwest,22493.65964
62,female,26.29,0,yes,southeast,27808.7251
54,female,47.41,0,yes,southeast,63770.42801
52,male,32.205,3,no,northeast,11488.31695
49,male,35.86,0,no,southeast,8124.4084
31,female,25.8,2,no,southwest,4934.705
28,female,25.935,1,no,northwest,4133.64165
60,female,18.335,0,no,northeast,13204.28565
35,male,36.67,1,yes,northeast,39774.2763
42,female,36.195,1,no,northwest,7443.64305
51,female,20.6,0,no,southwest,9264.797
18,male,39.14,0,no,northeast,12890.05765
26,female,29.355,2,no,northeast,4564.19145
42,female,24.985,2,no,northwest,8017.06115
39,male,34.1,2,no,southeast,23563.01618
46,female,34.6,1,yes,southwest,41661.602
32,male,46.53,2,no,southeast,4686.3887
51,female,39.5,1,no,southwest,9880.068
39,male,42.655,0,no,northeast,5757.41345
20,male,39.4,2,yes,southwest,38344.566
49,female,42.68,2,no,southeast,9800.8882
18,female,32.12,2,no,southeast,2801.2588
27,female,17.955,2,yes,northeast,15006.57945
42,male,24.64,0,yes,southeast,19515.5416
38,female,27.265,1,no,northeast,6555.07035
50,male,34.2,2,yes,southwest,42856.838
26,female,34.2,2,no,southwest,3987.926
59,female,26.695,3,no,northwest,14382.70905
22,male,34.8,3,no,southwest,3443.064
33,female,35.53,0,yes,northwest,55135.40209
55,female,26.98,0,no,northwest,11082.5772
26,male,32.9,2,yes,southwest,36085.219
45,female,33.1,0,no,southwest,7345.084
61,female,35.91,0,no,northeast,13635.6379
43,male,20.13,2,yes,southeast,18767.7377
54,male,32.775,0,no,northeast,10435.06525
44,female,25.0,1,no,southwest,7623.518
61,male,33.535,0,no,northeast,13143.33665
33,female,38.9,3,no,southwest,5972.378
61,female,36.385,1,yes,northeast,48517.56315
30,female,39.05,3,yes,southeast,40932.4295
26,male,32.49,1,no,northeast,3490.5491
39,female,23.275,3,no,northeast,7986.47525
26,female,29.92,1,no,southeast,3392.9768
41,female,28.31,1,no,northwest,7153.5539
28,male,36.4,1,yes,southwest,51194.55914
23,female,34.96,3,no,northwest,4466.6214
18,male,28.5,0,no,northeast,1712.227
44,female,38.06,0,yes,southeast,48885.13561
49,female,27.17,0,no,southeast,8601.3293
45,male,28.7,2,no,southwest,8027.968
59,male,25.46,1,no,northeast,12913.9924
58,male,34.865,0,no,northeast,11944.59435
43,male,26.03,0,no,northeast,6837.3687
34,female,27.5,1,no,southwest,5003.853
54,female,21.47,3,no,northwest,12475.3513
46,female,23.655,1,yes,northwest,21677.28345
56,male,22.1,0,no,southwest,10577.087
44,female,29.81,2,no,southeast,8219.2039
57,male,33.63,1,no,northwest,11945.1327
37,female,29.5,2,no,southwest,6311.952
22,male,31.35,1,no,northwest,2643.2685
61,female,29.07,0,yes,northwest,29141.3603
21,female,32.68,2,no,northwest,26018.95052
31,female,38.095,1,yes,northeast,58571.07448
40,male,25.08,0,no,southeast,5415.6612
19,female,24.51,1,no,northwest,2709.1119
46,female,35.53,0,yes,northeast,42111.6647
44,female,25.8,1,no,southwest,7624.63
60,male,39.9,0,yes,southwest,48173.361
51,male,33.33,3,no,southeast,10560.4917
24,male,35.86,0,no,southeast,1986.9334
51,male,24.795,2,yes,northwest,23967.38305
27,female,23.21,1,no,southeast,3561.8889
37,female,47.6,2,yes,southwest,46113.511
50,male,26.6,0,no,southwest,8444.474
32,male,33.63,1,yes,northeast,37607.5277
19,female,27.9,0,yes,southwest,16884.924
63,male,41.325,3,no,northwest,15555.18875
30,male,37.43,3,no,northeast,5428.7277
25,male,29.7,3,yes,southwest,19933.458
58,female,28.215,0,no,northwest,12224.35085
43,female,32.56,3,yes,southeast,40941.2854
44,male,39.52,0,no,northwest,6948.7008
25,female,23.465,0,no,northeast,3206.49135
60,female,28.7,1,no,southwest,13224.693
35,female,38.095,2,no,northeast,24915.04626
37,female,38.39,0,yes,southeast,40419.0191
28,male,31.68,0,yes,southeast,34672.1472
63,female,21.66,0,no,northeast,14449.8544
46,male,43.89,3,no,southeast,8944.1151
30,female,23.655,3,yes,northwest,18765.87545
42,male,37.18,2,no,southeast,7162.0122
18,female,31.13,0,no,southeast,1621.8827
25,female,34.485,0,no,northwest,3021.80915
56,female,33.82,2,no,northwest,12643.3778
51,male,30.03,1,no,southeast,9377.9047
19,female,29.8,0,no,southwest,1744.465
49,male,30.3,0,no,southwest,8116.68
57,female,38.0,2,no,southwest,12646.207
29,female,31.16,0,no,northeast,3943.5954
25,male,45.54,2,yes,southeast,42112.2356
18,female,36.85,0,no,southeast,1629.8335
64,female,31.3,2,yes,southwest,47291.055
34,male,30.8,0,yes,southwest,35491.64
45,female,30.495,1,yes,northwest,39725.51805
36,male,28.025,1,yes,northeast,20773.62775
57,female,20.1,1,no,southwest,12032.326
28,female,26.51,2,no,southeast,4340.4409
55,female,32.395,1,no,northeast,11879.10405
26,male,27.265,3,no,northeast,4661.28635
48,female,31.13,0,no,southeast,8280.6227
50,male,30.97,3,no,northwest,10600.5483
18,male,33.77,1,no,southeast,1725.5523
40,female,29.3,4,no,southwest,15828.82173
51,male,24.415,4,no,northwest,11520.09985
35,male,34.32,3,no,southeast,5934.3798
41,male,33.55,0,no,southeast,5699.8375
37,male,36.19,0,no,southeast,19214.70553
49,female,22.61,1,no,northwest,9566.9909
18,male,30.14,0,no,southeast,1131.5066
47,male,36.19,0,yes,southeast,41676.0811
42,male,26.315,1,no,northwest,6940.90985
43,male,35.31,2,no,southeast,18806.14547
47,male,47.52,1,no,southeast,8083.9198
37,female,27.74,3,no,northwest,7281.5056
57,male,27.94,1,no,southeast,11554.2236
36,female,25.9,1,no,southwest,5472.449
64,male,34.5,0,no,southwest,13822.803
20,female,31.92,0,no,northwest,2261.5688
46,male,22.3,0,no,southwest,7147.105
43,female,25.08,0,no,northeast,7325.0482
64,female,39.33,0,no,northeast,14901.5167
30,female,22.895,1,no,northeast,4719.52405
34,male,25.27,1,no,northwest,4894.7533
60,female,25.84,0,no,northwest,28923.13692
23,female,36.67,2,yes,northeast,38511.6283
18,female,29.165,0,no,northeast,7323.734819
36,male,28.88,3,no,northeast,6748.5912
63,male,33.1,0,no,southwest,13393.756
55,female,29.83,0,no,northeast,11286.5387
37,female,26.4,0,yes,southeast,19539.243
32,female,31.54,1,no,northeast,5148.5526
45,female,30.9,2,no,southwest,8520.026
50,male,44.77,1,no,southeast,9058.7303
20,male,22.0,1,no,southwest,1964.78
24,male,29.3,0,no,southwest,1977.815
61,male,36.1,3,no,southwest,27941.28758
40,male,26.315,1,no,northwest,6389.37785
24,female,23.21,0,no,southeast,25081.76784
39,male,45.43,2,no,southeast,6356.2707
56,male,36.1,3,no,southwest,12363.547
20,male,31.13,2,no,southeast,2566.4707
21,female,33.63,2,no,northwest,3579.8287
51,female,36.67,2,no,northwest,10848.1343
53,male,20.9,0,yes,southeast,21195.818
58,female,31.825,2,no,northeast,13607.36875
59,male,28.785,0,no,northwest,12129.61415
34,male,27.835,1,yes,northwest,20009.63365
22,male,37.07,2,yes,southeast,37484.4493
19,male,17.48,0,no,northwest,1621.3402
41,male,28.8,1,no,southwest,6282.235
44,female,32.34,1,no,southeast,7633.7206
57,female,28.7,0,no,southwest,11455.28
51,male,39.7,1,no,southwest,9391.346
50,female,27.83,3,no,southeast,19749.38338
50,male,37.07,1,no,southeast,9048.0273
23,female,28.12,0,no,northwest,2690.1138
55,male,33.0,0,no,southeast,20781.48892
30,male,31.57,3,no,southeast,4837.5823
36,female,27.74,0,no,northeast,5469.0066
23,male,31.73,3,yes,northeast,36189.1017
54,male,30.02,0,no,northwest,24476.47851
62,female,29.92,0,no,southeast,13457.9608
45,male,30.36,0,yes,southeast,62592.87309
47,male,25.41,1,yes,southeast,21978.6769
59,female,32.395,3,no,northeast,14590.63205
45,female,25.175,2,no,northeast,9095.06825
35,female,34.105,3,yes,northwest,39983.42595
19,female,39.615,1,no,northwest,2730.10785
61,male,33.915,0,no,northeast,13143.86485
41,male,28.405,1,no,northwest,6664.68595
47,male,29.83,3,no,northwest,9620.3307
44,female,23.98,2,no,southeast,8211.1002
19,male,31.92,0,yes,northwest,33750.2918
46,female,27.72,1,no,southeast,8232.6388
37,male,28.025,2,no,northwest,6203.90175
63,male,35.09,0,yes,southeast,47055.5321
63,female,26.22,0,no,northwest,14256.1928
36,female,29.04,4,no,southeast,7243.8136
19,female,28.9,0,no,southwest,1743.214
48,female,35.91,1,no,northeast,26392.26029
47,female,29.37,1,no,southeast,8547.6913
39,male,29.6,4,no,southwest,7512.267
22,female,30.4,0,yes,northwest,33907.548
31,female,29.1,0,no,southwest,3761.292
62,male,26.695,0,yes,northeast,28101.33305
52,male,24.32,3,yes,northeast,24869.8368
36,male,28.595,3,no,northwest,6548.19505
53,male,28.88,0,no,northwest,9869.8102
53,female,32.3,2,no,northeast,29186.48236
27,male,29.15,0,yes,southeast,18246.4955
59,female,36.765,1,yes,northeast,47896.79135
37,female,34.105,1,no,northwest,6112.35295
25,male,33.33,2,yes,southeast,36124.5737
60,female,24.53,0,no,southeast,12629.8967
40,male,29.355,1,no,northwest,6393.60345
39,male,26.22,1,no,northwest,6123.5688
20,male,29.735,0,no,northwest,1769.53165
40,male,35.3,3,no,southwest,7196.867
42,female,25.3,1,no,southwest,7045.499
32,female,33.155,3,no,northwest,6128.79745
32,female,29.735,0,no,northwest,4357.04365
42,female,41.325,1,no,northeast,7650.77375
24,female,20.52,0,yes,northeast,14571.8908
61,female,22.04,0,no,northeast,13616.3586
51,male,22.42,0,no,northeast,9361.3268
25,female,42.13,1,no,southeast,3238.4357
49,female,23.845,3,yes,northeast,24106.91255
58,male,35.7,0,no,southwest,11362.755
64,male,26.41,0,no,northeast,14394.5579
26,female,42.4,1,no,southwest,3410.324
52,female,44.7,3,no,southwest,11411.685
37,male,46.53,3,no,southeast,6435.6237
26,female,19.8,1,no,southwest,3378.91
38,male,27.835,2,no,northwest,6455.86265
23,male,23.845,0,no,northeast,2395.17155
44,male,38.06,1,no,southeast,7152.6714
26,male,46.53,1,no,southeast,2927.0647
18,male,29.37,1,no,southeast,1719.4363
18,male,23.085,0,no,northeast,1704.70015
63,female,26.98,0,yes,northwest,28950.4692
19,female,28.3,0,yes,southwest,17081.08
35,female,35.815,1,no,northwest,5630.45785
28,female,25.8,0,no,southwest,3161.454
19,male,25.555,1,no,northwest,2221.56445
61,male,35.86,0,yes,southeast,46599.1084
32,female,29.8,2,no,southwest,5152.134
48,male,30.78,3,no,northeast,10141.1362
31,female,23.6,2,no,southwest,4931.647
48,male,40.15,0,no,southeast,7804.1605
19,male,30.59,0,no,northwest,1639.5631
30,female,33.33,1,no,southeast,4151.0287
18,female,33.155,0,no,northeast,2207.69745
38,male,21.12,3,no,southeast,6652.5288
21,male,27.36,0,no,northeast,2104.1134
30,female,30.9,3,no,southwest,5325.651
28,male,22.515,2,no,northeast,4428.88785
46,male,27.6,0,no,southwest,24603.04837
43,male,25.52,5,no,southeast,14478.33015
43,male,27.8,0,yes,southwest,37829.7242
50,female,28.12,3,no,northwest,11085.5868
56,female,25.3,0,no,southwest,11070.535
52,female,33.3,2,no,southwest,10806.839
34,female,33.7,1,no,southwest,5012.471
35,male,27.1,1,no,southwest,4746.344
52,male,30.2,1,no,southwest,9724.53
28,female,34.77,0,no,northwest,3556.9223
18,male,27.36,1,yes,northeast,17178.6824
62,male,30.02,0,no,northwest,13352.0998
37,male,29.83,2,no,northeast,6406.4107
29,female,32.11,2,no,northwest,4922.9159
55,female,30.5,0,no,southwest,10704.47
19,male,20.615,2,no,northwest,2803.69785
52,male,47.74,1,no,southeast,9748.9106
34,female,33.25,1,no,northeast,5594.8455
19,female,32.11,0,no,northwest,2130.6759
57,male,42.13,1,yes,southeast,48675.5177
34,female,26.41,1,no,northwest,5385.3379
22,female,36.0,0,no,southwest,2166.732
29,female,21.85,0,yes,northeast,16115.3045
28,male,29.26,2,no,northeast,4438.2634
30,male,35.3,0,yes,southwest,36837.467
59,male,31.79,2,no,southeast,12928.7911
18,male,34.43,0,no,southeast,1137.4697
38,male,19.95,1,no,northwest,5855.9025
53,male,24.32,0,no,northwest,9863.4718
54,male,24.035,0,no,northeast,10422.91665
46,male,33.44,1,no,northeast,8334.5896
53,male,31.16,1,no,northwest,10461.9794
27,male,33.66,0,no,southeast,2498.4144
54,male,25.1,3,yes,southwest,25382.297
37,female,30.78,0,yes,northeast,37270.1512
49,female,29.925,0,no,northwest,8988.15875
23,female,39.27,2,no,southeast,3500.6123
53,female,26.6,0,no,northwest,10355.641
39,female,18.3,5,yes,southwest,19023.26
21,female,21.89,2,no,southeast,3180.5101
61,female,25.08,0,no,southeast,24513.09126
54,female,30.8,3,no,southwest,12105.32
23,female,28.0,0,no,southwest,13126.67745
34,male,32.8,1,no,southwest,14358.36437
63,male,41.47,0,no,southeast,13405.3903
27,female,36.08,0,yes,southeast,37133.8982
31,male,34.39,3,yes,northwest,38746.3551
28,male,24.3,5,no,southwest,5615.369
49,male,32.3,3,no,northwest,10269.46
30,male,35.53,0,yes,southeast,36950.2567
49,male,36.85,0,no,southeast,8125.7845
33,male,24.795,0,yes,northeast,17904.52705
29,female,38.83,3,no,southeast,5138.2567
49,female,41.47,4,no,southeast,10977.2063
22,female,34.58,2,no,northeast,3925.7582
27,female,24.75,0,yes,southeast,16577.7795
18,male,25.175,0,yes,northeast,15518.18025
44,female,27.645,0,no,northwest,7421.19455
19,female,36.575,0,no,northwest,2136.88225
18,male,23.75,0,no,northeast,1705.6245
19,male,34.9,0,yes,southwest,34828.654
40,male,34.105,1,no,northeast,6600.20595
33,male,24.605,2,no,northwest,5257.50795
27,male,42.13,0,yes,southeast,39611.7577
62,female,32.965,3,no,northwest,15612.19335
48,male,31.445,1,no,northeast,8964.06055
22,female,20.235,0,no,northwest,2527.81865
20,female,22.42,0,yes,northwest,14711.7438
45,female,27.83,2,no,southeast,8515.7587
49,male,22.515,0,no,northeast,8688.85885
50,male,32.11,2,no,northeast,25333.33284
26,male,20.8,0,no,southwest,2302.3
63,female,35.2,1,no,southeast,14474.675
54,female,24.605,3,no,northwest,12479.70895
54,male,34.21,2,yes,southeast,44260.7499
44,female,36.48,0,no,northeast,12797.20962
26,female,29.48,1,no,southeast,3392.3652
26,female,29.92,2,no,southeast,3981.9768
19,male,30.59,0,no,northwest,1639.5631
23,male,37.1,3,no,southwest,3597.596
20,female,33.0,0,no,southeast,1880.07
18,male,34.1,0,no,southeast,1137.011
60,female,36.005,0,no,northeast,13228.84695
57,male,34.01,0,no,northwest,11356.6609
33,female,42.94,3,no,northwest,6360.9936
56,male,33.66,4,no,southeast,12949.1554
62,female,32.68,0,no,northwest,13844.7972
33,male,30.25,0,no,southeast,3704.3545
23,male,17.385,1,no,northwest,2775.19215
18,female,30.305,0,no,northeast,2203.73595
30,female,21.945,1,no,northeast,4718.20355
64,male,33.88,0,yes,southeast,46889.2612
58,male,32.01,1,no,southeast,11946.6259
57,male,40.945,0,no,northeast,11566.30055
42,female,29.48,2,no,southeast,7640.3092
59,female,23.655,0,yes,northwest,25678.77845
49,female,27.1,1,no,southwest,26140.3603
42,female,23.37,0,yes,northeast,19964.7463
58,male,34.39,0,no,northwest,11743.9341
37,male,34.2,1,yes,northeast,39047.285
48,female,27.265,1,no,northeast,9447.25035
40,male,41.23,1,no,northeast,6610.1097
31,female,30.495,3,no,northeast,6113.23105
49,female,23.18,2,no,northwest,10156.7832
52,male,27.36,0,yes,northwest,24393.6224
38,male,28.27,1,no,southeast,5484.4673
18,female,40.185,0,no,northeast,2217.46915
42,male,30.0,0,yes,southwest,22144.032
57,female,31.16,0,yes,northwest,43578.9394
49,male,29.83,1,no,northeast,9288.0267
18,female,33.88,0,no,southeast,11482.63485
48,male,28.0,1,yes,southwest,23568.272
18,female,37.29,1,no,southeast,2219.4451
22,male,33.77,0,no,southeast,1674.6323
49,male,31.35,1,no,northeast,9290.1395
45,male,39.805,0,no,northeast,7448.40395
21,male,35.53,0,no,southeast,1532.4697
35,female,28.025,0,yes,northwest,20234.85475
35,male,28.9,3,no,southwest,5926.846
58,female,36.48,0,no,northwest,12235.8392
43,female,30.685,2,no,northwest,8310.83915
55,male,29.9,0,no,southwest,10214.636
40,male,32.3,2,no,northwest,6986.697
60,male,28.595,0,no,northeast,30259.99556
64,female,39.05,3,no,southeast,16085.1275
18,male,28.31,1,no,northeast,11272.33139
28,male,33.82,0,no,northwest,19673.33573
19,male,27.835,0,no,northwest,1635.73365
49,male,25.84,2,yes,northwest,23807.2406
36,male,31.5,0,no,southwest,4402.233
53,female,39.6,1,no,southeast,10579.711
42,female,40.37,2,yes,southeast,43896.3763
60,female,27.55,0,no,northeast,13217.0945
23,male,27.36,1,no,northwest,2789.0574
43,male,34.96,1,yes,northeast,41034.2214
18,female,35.625,0,no,northeast,2211.13075
18,male,53.13,0,no,southeast,1163.4627
18,female,42.24,0,yes,southeast,38792.6856
19,female,27.93,3,no,northwest,18838.70366
47,male,32.3,1,no,southwest,8062.764
62,male,37.4,0,no,southwest,12979.358
55,male,37.715,3,no,northwest,30063.58055
27,female,34.8,1,no,southwest,3577.999
43,female,34.58,1,no,northwest,7727.2532
24,male,23.655,0,no,northwest,2352.96845
61,female,44.0,0,no,southwest,13063.883
54,female,31.9,1,no,southeast,10928.849
36,male,35.2,1,yes,southeast,38709.176
56,male,19.95,0,yes,northeast,22412.6485
39,female,41.8,0,no,southeast,5662.225
19,female,24.605,1,no,northwest,2709.24395
24,male,29.83,0,yes,northeast,18648.4217
24,male,32.01,0,no,southeast,1981.5819
47,female,33.345,0,no,northeast,20878.78443
55,female,40.81,3,no,southeast,12485.8009
24,male,25.8,0,no,southwest,1972.95
54,male,21.01,2,no,southeast,11013.7119
24,female,30.1,3,no,southwest,4234.927
55,female,26.8,1,no,southwest,35160.13457
25,female,24.3,3,no,southwest,4391.652
52,male,34.1,0,no,southeast,9140.951
21,male,23.21,0,no,southeast,1515.3449
19,male,28.4,1,no,southwest,1842.519
23,female,24.225,2,no,northeast,22395.74424
48,male,35.625,4,no,northeast,10736.87075
59,female,31.35,0,no,northwest,12622.1795
47,female,36.0,1,no,southwest,8556.907
47,male,19.57,1,no,northwest,8428.0693
56,female,39.82,0,no,southeast,11090.7178
48,male,40.565,2,yes,northwest,45702.02235
18,male,22.99,0,no,northeast,1704.5681
35,female,34.8,1,no,southwest,5246.047
44,female,38.95,0,yes,northwest,42983.4585
27,female,20.045,3,yes,northwest,16420.49455
18,male,25.46,0,no,northeast,1708.0014
40,female,23.37,3,no,northeast,8252.2843
19,female,31.825,1,no,northwest,2719.27975
40,female,28.69,3,no,northwest,8059.6791
57,male,18.335,0,no,northeast,11534.87265
27,female,30.59,1,no,northeast,16796.41194
32,male,37.18,2,no,southeast,4673.3922
33,male,27.1,1,yes,southwest,19040.876
47,male,29.8,3,yes,southwest,25309.489
55,female,35.2,0,yes,southeast,44423.803
59,male,29.7,2,no,southeast,12925.886
24,male,32.7,0,yes,southwest,34472.841
24,male,23.4,0,no,southwest,1969.614
63,female,25.08,0,no,northwest,14254.6082
51,male,23.21,1,yes,southeast,22218.1149
41,male,29.64,5,no,northeast,9222.4026
19,female,28.31,0,yes,northwest,17468.9839
51,male,25.4,0,no,southwest,8782.469
51,female,40.66,0,no,northeast,9875.6804
19,male,34.8,0,yes,southwest,34779.615
30,male,37.8,2,yes,southwest,39241.442
48,female,33.33,0,no,southeast,8283.6807
42,male,31.255,0,no,northwest,6358.77645
30,male,28.69,3,yes,northwest,20745.9891
64,male,36.96,2,yes,southeast,49577.6624
28,female,17.29,0,no,northeast,3732.6251
19,male,27.7,0,yes,southwest,16297.846
57,female,23.98,1,no,southeast,22192.43711
57,male,31.54,0,no,northwest,11353.2276
49,male,28.7,1,no,southwest,8703.456
34,female,37.335,2,no,northwest,5989.52365
18,male,41.14,0,no,southeast,1146.7966
48,male,29.7,0,no,southeast,7789.635
35,female,34.21,1,no,southeast,5245.2269
25,male,27.55,0,no,northwest,2523.1695
64,female,31.825,2,no,northeast,16069.08475
45,male,36.48,2,yes,northwest,42760.5022
36,male,41.895,3,yes,northeast,43753.33705
23,female,31.4,0,yes,southwest,34166.273
41,male,40.26,0,no,southeast,5709.1644
45,male,33.7,1,no,southwest,7445.918
51,male,27.74,1,no,northeast,9957.7216
42,male,24.605,2,yes,northeast,21259.37795
50,male,31.825,0,yes,northeast,41097.16175
53,female,24.795,1,no,northwest,10942.13205
19,female,28.88,0,yes,northwest,17748.5062
19,female,33.11,0,yes,southeast,34439.8559
18,male,33.535,0,yes,northeast,34617.84065
18,male,21.78,2,no,southeast,11884.04858
22,male,28.31,1,no,northwest,2639.0429
58,male,30.305,0,no,northeast,11938.25595
23,female,42.75,1,yes,northeast,40904.1995
41,female,33.155,3,no,northeast,8538.28845
61,female,21.09,0,no,northwest,13415.0381
18,male,30.03,1,no,southeast,1720.3537
27,male,30.5,0,no,southwest,2494.022
19,female,40.5,0,no,southwest,1759.338
23,male,50.38,1,no,southeast,2438.0552
47,male,19.19,1,no,northeast,8627.5411
42,male,24.86,0,no,southeast,5966.8874
50,male,32.3,1,yes,northeast,41919.097
32,female,23.65,1,no,southeast,17626.23951
63,female,23.085,0,no,northeast,14451.83515
34,female,23.56,0,no,northeast,4992.3764
30,male,22.99,2,yes,northwest,17361.7661
48,female,28.9,0,no,southwest,8277.523
22,female,23.18,0,no,northeast,2731.9122
24,female,24.225,0,no,northwest,2842.76075
41,female,36.08,1,no,southeast,6781.3542
43,female,24.7,2,yes,northwest,21880.82
58,female,33.1,0,no,southwest,11848.141
33,male,35.245,0,no,northeast,12404.8791
53,male,31.35,0,no,southeast,27346.04207
24,male,28.5,0,yes,northeast,35147.52848
34,male,34.675,0,no,northeast,4518.82625
32,female,29.59,1,no,southeast,4562.8421
55,male,28.975,0,no,northeast,10796.35025
56,male,33.725,0,no,northwest,10976.24575
57,male,28.975,0,yes,northeast,27218.43725
18,female,26.315,0,no,northeast,2198.18985
25,male,26.695,4,no,northwest,4877.98105
21,male,28.975,0,no,northwest,1906.35825
28,female,33.11,0,no,southeast,3171.6149
26,female,40.185,0,no,northwest,3201.24515
19,female,37.43,0,no,northwest,2138.0707
50,female,44.745,0,no,northeast,9541.69555
50,male,27.455,1,no,northeast,9617.66245
52,female,31.2,0,no,southwest,9625.92
62,male,38.83,0,no,southeast,12981.3457
26,female,22.23,0,no,northwest,3176.2877
35,male,27.61,1,no,southeast,4747.0529
59,male,27.5,1,no,southwest,12333.828
19,male,36.955,0,yes,northwest,36219.40545
19,male,21.755,0,no,northwest,1627.28245
48,female,33.11,0,yes,southeast,40974.1649
24,female,22.6,0,no,southwest,2457.502
33,female,36.29,3,no,northeast,6551.7501
40,female,36.19,0,no,southeast,5920.1041
30,male,44.22,2,no,southeast,4266.1658
48,female,28.88,1,no,northwest,9249.4952
61,male,28.31,1,yes,northwest,28868.6639
52,female,24.13,1,yes,northwest,23887.6627
54,male,30.8,1,yes,southeast,41999.52
52,male,26.4,3,no,southeast,25992.82104
58,female,25.2,0,no,southwest,11837.16
39,female,22.8,3,no,northeast,7985.815
19,female,30.59,2,no,northwest,24059.68019
29,male,28.975,1,no,northeast,4040.55825
38,male,16.815,2,no,northeast,6640.54485
44,male,30.69,2,no,southeast,7731.4271
41,female,37.1,2,no,southwest,7371.772
27,male,23.1,0,no,southeast,2483.736
27,male,45.9,2,no,southwest,3693.428
48,female,32.3,2,no,northeast,10043.249
49,male,30.9,0,yes,southwest,39727.614
36,male,34.43,0,yes,southeast,37742.5757
48,female,27.36,1,no,northeast,9447.3824
45,female,38.285,0,no,northeast,7935.29115
45,male,30.2,1,no,southwest,7441.053
25,female,26.79,2,no,northwest,4189.1131
48,female,25.85,3,yes,southeast,24180.9335
49,male,25.84,1,no,northeast,9282.4806
63,female,32.2,2,yes,southwest,47305.305
28,female,26.315,3,no,northwest,5312.16985
64,male,40.48,0,no,southeast,13831.1152
30,male,31.4,1,no,southwest,3659.346
29,female,25.9,0,no,southwest,3353.284
31,male,31.065,3,no,northwest,5425.02335
47,male,25.46,2,no,northeast,9225.2564
37,male,34.1,4,yes,southwest,40182.246
33,female,26.695,0,no,northwest,4571.41305
59,female,27.83,3,no,southeast,14001.2867
30,male,24.13,1,no,northwest,4032.2407
27,male,30.3,3,no,southwest,4260.744
38,male,34.7,2,no,southwest,6082.405
32,female,37.145,3,no,northeast,6334.34355
44,male,29.735,2,no,northeast,32108.66282
52,female,18.335,0,no,northwest,9991.03765
42,male,35.97,2,no,southeast,7160.3303
59,female,26.505,0,no,northeast,12815.44495
19,male,25.175,0,no,northwest,1632.03625
20,female,26.84,1,yes,southeast,17085.2676
26,female,29.64,4,no,northeast,24671.66334
56,female,37.51,2,no,southeast,12265.5069
33,female,32.9,2,no,southwest,5375.038
48,female,22.8,0,no,southwest,8269.044
52,male,38.6,2,no,southwest,10325.206
41,male,23.94,1,no,northeast,6858.4796
40,male,29.9,2,no,southwest,6600.361
57,female,30.495,0,no,northwest,11840.77505
41,female,33.06,2,no,northwest,7749.1564
46,female,33.44,1,no,southeast,8240.5896
41,female,21.755,1,no,northeast,13725.47184
41,female,32.965,0,no,northwest,6571.02435
52,female,24.86,0,no,southeast,27117.99378
38,female,40.565,1,no,northwest,6373.55735
54,female,28.88,2,no,northeast,12096.6512
18,male,35.2,1,no,southeast,1727.54
19,female,23.4,2,no,southwest,2913.569
51,male,32.3,1,no,northeast,9964.06
63,male,31.445,0,no,northeast,13974.45555
41,male,30.78,3,yes,northeast,39597.4072
41,male,30.59,2,no,northwest,7256.7231
47,male,38.94,2,yes,southeast,44202.6536
52,female,37.525,2,no,northwest,33471.97189
54,female,31.9,3,no,southeast,27322.73386
20,male,28.025,1,yes,northwest,17560.37975
47,female,23.6,1,no,southwest,8539.671
34,female,27.72,0,no,southeast,4415.1588
44,male,27.4,2,no,southwest,7726.854
46,female,27.74,0,no,northwest,8026.6666
36,male,27.55,3,no,northeast,6746.7425
55,female,33.535,2,no,northwest,12269.68865
32,male,31.5,1,no,southwest,4076.497
60,male,28.9,0,no,southwest,12146.971
22,male,19.95,3,no,northeast,4005.4225
34,male,34.21,0,no,southeast,3935.1799
45,female,36.3,2,no,southeast,8527.532
18,male,15.96,0,no,northeast,1694.7964
59,female,27.72,3,no,southeast,14001.1338
19,male,29.07,0,yes,northwest,17352.6803
34,female,26.73,1,no,southeast,5002.7827
27,female,25.175,0,no,northeast,3558.62025
22,male,39.5,0,no,southwest,1682.597
49,male,37.51,2,no,southeast,9304.7019
29,female,25.6,4,no,southwest,5708.867
36,male,30.875,1,no,northwest,5373.36425
56,female,41.91,0,no,southeast,11093.6229
28,female,24.32,1,no,northeast,23288.9284
18,female,30.115,0,no,northeast,21344.8467
64,male,38.19,0,no,northeast,14410.9321
20,female,28.785,0,no,northeast,2457.21115
18,female,38.17,0,no,southeast,1631.6683
45,male,30.495,2,no,northwest,8413.46305
47,female,45.32,1,no,southeast,8569.8618
23,female,28.49,1,yes,southeast,18328.2381
40,male,24.97,2,no,southeast,6593.5083
21,male,36.85,0,no,southeast,1534.3045
59,female,32.1,3,no,southwest,14007.222
46,female,19.95,2,no,northwest,9193.8385
45,male,20.35,3,no,southeast,8605.3615
59,male,37.1,1,no,southwest,12347.172
55,male,38.28,0,no,southeast,10226.2842
58,male,36.955,2,yes,northwest,47496.49445
37,female,30.8,2,no,southeast,6313.759
50,female,26.22,2,no,northwest,10493.9458
42,male,35.8,2,no,southwest,7160.094
56,male,40.3,0,no,southwest,10602.385
27,female,32.395,1,no,northeast,18903.49141
21,female,34.87,0,no,southeast,2020.5523
40,female,28.12,1,yes,northeast,22331.5668
61,male,38.38,0,no,northwest,12950.0712
38,male,31.0,1,no,southwest,5488.262
18,female,31.35,4,no,northeast,4561.1885
19,male,33.1,0,no,southwest,23082.95533
26,male,23.7,2,no,southwest,3484.331
24,female,25.27,0,no,northeast,3044.2133
18,female,36.85,0,yes,southeast,36149.4835
29,male,37.29,2,no,southeast,4058.1161
32,male,33.82,1,no,northwest,4462.7218
19,male,26.03,1,yes,northwest,16450.8947
42,male,26.9,0,no,southwest,5969.723
32,male,27.835,1,no,northwest,4454.40265
46,female,30.8,3,no,southwest,9414.92
47,female,32.0,1,no,southwest,8551.347
38,female,34.8,2,no,southwest,6571.544
60,male,32.8,0,yes,southwest,52590.82939
49,male,25.6,2,yes,southwest,23306.547
30,male,25.46,0,no,northeast,3645.0894
46,male,25.745,3,no,northwest,9301.89355
37,male,24.32,2,no,northwest,6198.7518
18,male,38.17,0,yes,southeast,36307.7983
43,female,46.2,0,yes,southeast,45863.205
45,female,35.3,0,no,southwest,7348.142
46,male,24.795,3,no,northeast,9500.57305
46,male,38.17,2,no,southeast,8347.1643
63,female,36.3,0,no,southeast,13887.204
49,female,33.345,2,no,northeast,10370.91255
60,male,31.35,3,yes,northwest,46130.5265
49,male,28.69,3,no,northwest,10264.4421
27,male,26.03,0,no,northeast,3070.8087
37,male,37.07,1,yes,southeast,39871.7043
28,female,27.5,2,no,southwest,20177.67113
52,male,41.8,2,yes,southeast,47269.854
43,male,38.06,2,yes,southeast,42560.4304
54,female,32.68,0,no,northeast,10923.9332
55,male,32.67,1,no,southeast,10807.4863
55,male,32.775,0,no,northwest,10601.63225
31,male,26.885,1,no,northeast,4441.21315
37,male,29.8,0,no,southwest,20420.60465
52,female,30.78,1,no,northeast,10797.3362
54,male,29.2,1,no,southwest,10436.096
25,female,41.325,0,no,northeast,17878.90068
44,male,22.135,2,no,northeast,8302.53565
56,male,31.79,2,yes,southeast,43813.8661
18,male,21.47,0,no,northeast,1702.4553
47,female,36.63,1,yes,southeast,42969.8527
29,male,22.515,3,no,northeast,5209.57885
50,female,46.09,1,no,southeast,9549.5651
48,male,30.2,2,no,southwest,8968.33
24,female,33.345,0,no,northwest,2855.43755
19,male,20.7,0,no,southwest,1242.816
59,female,27.5,0,no,southwest,12233.828
62,male,39.93,0,no,southeast,12982.8747
29,female,21.755,1,yes,northeast,16657.71745
32,male,28.12,4,yes,northwest,21472.4788
36,male,34.43,2,no,southeast,5584.3057
62,female,38.095,2,no,northeast,15230.32405
30,female,28.38,1,yes,southeast,19521.9682
41,male,34.2,2,no,northwest,7261.741
34,female,31.92,1,yes,northeast,37701.8768
19,female,30.495,0,no,northwest,2128.43105
25,male,24.13,0,yes,northwest,15817.9857
50,female,28.16,3,no,southeast,10702.6424
36,female,19.855,0,no,northeast,5458.04645
55,male,27.645,0,no,northwest,10594.50155
35,female,27.7,3,no,southwest,6414.178
18,male,26.125,0,no,northeast,1708.92575
32,female,44.22,0,no,southeast,3994.1778
56,female,26.6,1,no,northwest,12044.342
19,male,22.61,0,no,northwest,1628.4709
59,female,35.2,0,no,southeast,12244.531
38,female,28.0,3,no,southwest,7151.092
20,male,32.395,1,no,northwest,2362.22905
56,female,28.785,0,no,northeast,11658.37915
29,male,31.73,2,no,northwest,4433.3877
37,male,22.705,3,no,northeast,6985.50695
47,male,36.08,1,yes,southeast,42211.1382
56,female,28.31,0,no,northeast,11657.7189
41,female,31.02,0,no,southeast,6185.3208
42,female,32.87,0,no,northeast,7050.0213
62,male,27.55,1,no,northwest,13937.6665
23,female,23.18,2,no,northwest,14426.07385
50,male,25.3,0,no,southeast,8442.667
21,female,25.8,0,no,southwest,2007.945
31,female,25.74,0,no,southeast,3756.6216
37,female,34.8,2,yes,southwest,39836.519
58,female,27.17,0,no,northwest,12222.8983
18,female,39.16,0,no,southeast,1633.0444
52,female,37.4,0,no,southwest,9634.538
23,male,18.715,0,no,northwest,21595.38229
59,male,25.46,0,no,northwest,12124.9924
53,male,36.6,3,no,southwest,11264.541
50,female,23.54,2,no,southeast,10107.2206
19,female,28.4,1,no,southwest,2331.519
60,female,30.5,0,no,southwest,12638.195
46,female,28.9,2,no,southwest,8823.279
30,female,43.12,2,no,southeast,4753.6368
58,female,32.965,0,no,northeast,12430.95335
47,female,27.83,0,yes,southeast,23065.4207
44,male,32.015,2,no,northwest,8116.26885
46,female,33.725,1,no,northeast,8823.98575
27,female,31.4,0,yes,southwest,34838.873
21,male,31.255,0,no,northwest,1909.52745
36,female,30.02,0,no,northwest,5272.1758
19,female,28.6,5,no,southwest,4687.797
56,female,25.65,0,no,northwest,11454.0215
24,male,26.79,1,no,northwest,12609.88702
45,male,27.5,3,no,southwest,8615.3
44,male,21.85,3,no,northeast,8891.1395
45,female,27.645,1,no,northwest,28340.18885
26,male,35.42,0,no,southeast,2322.6218
50,male,26.41,0,no,northwest,8827.2099
26,male,30.875,2,no,northwest,3877.30425
41,female,28.05,1,no,southeast,6770.1925
39,female,31.92,2,no,northwest,7209.4918
31,male,20.4,0,no,southwest,3260.199
18,male,26.18,2,no,southeast,2304.0022
53,male,29.48,0,no,southeast,9487.6442
57,female,28.785,4,no,northeast,14394.39815
52,female,31.73,2,no,northwest,11187.6567
31,female,21.755,0,no,northwest,4134.08245
60,female,35.1,0,no,southwest,12644.589
63,male,30.8,0,no,southwest,13390.559
38,male,38.39,3,yes,southeast,41949.2441
58,female,32.395,1,no,northeast,13019.16105
47,male,28.215,4,no,northeast,10407.08585
62,male,31.46,1,no,southeast,27000.98473
20,male,33.0,1,no,southwest,1980.07
36,female,26.885,0,no,northwest,5267.81815
46,male,25.8,5,no,southwest,10096.97
47,female,24.32,0,no,northeast,8534.6718
62,female,31.73,0,no,northeast,14043.4767
27,female,30.4,3,no,northwest,18804.7524
29,male,32.11,2,no,northwest,4433.9159
28,male,30.875,0,no,northwest,3062.50825
33,male,27.455,2,no,northwest,5261.46945
49,female,36.63,3,no,southeast,10381.4787
23,male,34.4,0,no,southwest,1826.843
19,male,28.7,0,no,southwest,1253.936
49,female,31.9,5,no,southwest,11552.904
53,female,36.86,3,yes,northwest,46661.4424
22,female,30.4,0,no,northeast,2741.948
27,male,33.155,2,no,northwest,4058.71245
53,male,41.47,0,no,southeast,9504.3103
34,female,38.0,3,no,southwest,6196.448
37,male,29.64,0,no,northwest,5028.1466
39,female,32.5,1,no,southwest,6238.298
63,male,36.765,0,no,northeast,13981.85035
40,male,30.875,4,no,northwest,8162.71625
62,female,36.86,1,no,northeast,31620.00106
31,female,29.26,1,no,southeast,4350.5144
19,male,24.6,1,no,southwest,1837.237
25,female,33.99,1,no,southeast,3227.1211
61,male,43.4,0,no,southwest,12574.049
41,female,32.6,3,no,southwest,7954.517
61,female,31.16,0,no,northwest,13429.0354
60,male,36.955,0,no,northeast,12741.16745
29,male,29.64,1,no,northeast,20277.80751
24,male,28.5,2,no,northwest,3537.703
49,female,30.78,1,no,northeast,9778.3472
18,female,30.115,0,no,northeast,2203.47185
39,male,28.3,1,yes,southwest,21082.16
39,male,35.3,2,yes,southwest,40103.89
24,male,40.15,0,yes,southeast,38126.2465
26,male,29.45,0,no,northeast,2897.3235
18,female,38.665,2,no,northeast,3393.35635
24,male,33.63,4,no,northeast,17128.42608
48,female,27.93,4,no,northwest,11015.1747
62,male,30.875,3,yes,northwest,46718.16325
18,female,40.26,0,no,southeast,1634.5734
21,male,31.1,0,no,southwest,1526.312
51,female,25.8,1,no,southwest,9861.025
19,female,34.7,2,yes,southwest,36397.576
58,female,22.77,0,no,southeast,11833.7823
19,male,34.1,0,no,southwest,1261.442
61,male,36.3,1,yes,southwest,47403.88
35,male,24.13,1,no,northwest,5125.2157
23,male,32.7,3,no,southwest,3591.48
50,female,31.6,2,no,southwest,10118.424
44,female,36.955,1,no,northwest,8023.13545
21,male,36.86,0,no,northwest,1917.3184
33,male,33.44,5,no,southeast,6653.7886
20,male,40.47,0,no,northeast,1984.4533
43,female,34.4,3,no,southwest,8522.003
53,female,26.7,2,no,southwest,11150.78
57,male,40.37,0,no,southeast,10982.5013
21,female,34.6,0,no,southwest,2020.177
45,male,24.31,5,no,southeast,9788.8659
43,male,30.1,1,no,southwest,6849.026
42,female,33.155,1,no,northeast,7639.41745
18,female,24.09,1,no,southeast,2201.0971
40,female,29.6,0,no,southwest,5910.944
22,male,31.73,0,no,northeast,2254.7967
18,male,17.29,2,yes,northeast,12829.4551
37,female,23.37,2,no,northwest,6686.4313
39,female,32.8,0,no,southwest,5649.715
36,female,22.6,2,yes,southwest,18608.262
33,male,35.75,2,no,southeast,4889.9995
51,female,36.385,3,no,northwest,11436.73815
18,female,38.28,0,no,southeast,14133.03775
40,male,22.705,2,no,northeast,7173.35995
24,female,27.6,0,no,southwest,18955.22017
36,male,33.4,2,yes,southwest,38415.474
57,female,34.295,2,no,northeast,13224.05705
38,female,19.95,2,no,northeast,7133.9025
31,male,28.595,1,no,northwest,4243.59005
18,male,33.66,0,no,southeast,1136.3994
43,female,35.72,2,no,northeast,19144.57652
52,female,23.18,0,no,northeast,10197.7722
19,female,24.7,0,no,southwest,1737.376
34,female,29.26,3,no,southeast,6184.2994
61,female,29.92,3,yes,southeast,30942.1918
22,male,37.62,1,yes,southeast,37165.1638
54,male,31.6,0,no,southwest,9850.432
25,male,26.22,0,no,northeast,2721.3208
28,male,35.435,0,no,northeast,3268.84665
18,male,31.73,0,yes,northeast,33732.6867
40,male,41.69,0,no,southeast,5438.7491
20,male,33.33,0,no,southeast,1391.5287
63,female,27.74,0,yes,northeast,29523.1656
38,female,27.6,0,no,southwest,5383.536
19,male,35.53,0,no,northwest,1646.4297
39,female,34.1,3,no,southwest,7418.522
22,female,28.05,0,no,southeast,2155.6815
40,female,41.42,1,no,northwest,28476.73499
18,female,31.35,0,no,southeast,1622.1885
20,male,30.685,0,yes,northeast,33475.81715
28,female,33.0,2,no,southeast,4349.462
36,female,29.92,0,no,southeast,4889.0368
43,male,30.115,3,no,northwest,8410.04685
54,female,32.3,1,no,northeast,11512.405
18,female,26.73,0,no,southeast,1615.7667
31,female,32.68,1,no,northwest,4738.2682
31,female,36.63,2,no,southeast,4949.7587
46,male,39.425,1,no,northeast,8342.90875
55,male,37.3,0,no,southwest,20630.28351
26,male,30.0,1,no,southwest,2904.088
51,male,37.0,0,no,southwest,8798.593
23,male,35.2,1,no,southwest,2416.955
38,female,27.835,2,no,northeast,7144.86265
29,female,26.03,0,no,northwest,3736.4647
22,female,31.02,3,yes,southeast,35595.5898
45,female,28.6,2,no,southeast,8516.829
25,female,30.2,0,yes,southwest,33900.653
28,male,26.98,2,no,northeast,4435.0942
58,male,49.06,0,no,southeast,11381.3254
20,female,29.6,0,no,southwest,1875.344
54,female,31.24,0,no,southeast,10338.9316
43,male,23.2,0,no,southwest,6250.435
55,female,37.1,0,no,southwest,10713.644
19,female,32.9,0,no,southwest,1748.774
59,male,37.4,0,no,southwest,21797.0004
24,male,31.065,0,yes,northeast,34254.05335
22,male,28.88,0,no,northeast,2250.8352
57,female,22.23,0,no,northeast,12029.2867
40,female,33.0,3,no,southeast,7682.67
63,male,39.8,3,no,southwest,15170.069
19,female,25.745,1,no,northwest,2710.82855
18,female,21.66,0,yes,northeast,14283.4594
33,male,22.705,0,no,northwest,21984.47061
60,male,25.74,0,no,southeast,12142.5786
50,female,30.115,1,no,northwest,9910.35985
33,male,42.4,5,no,southwest,6666.243
18,female,28.215,0,no,northeast,2200.83085
31,female,26.62,0,no,southeast,3757.8448
38,female,30.21,3,no,northwest,7537.1639
22,female,28.82,0,no,southeast,2156.7518
33,female,19.095,2,yes,northeast,16776.30405
56,male,32.11,1,no,northeast,11763.0009
60,female,38.06,0,no,southeast,12648.7034
35,female,43.34,2,no,southeast,5846.9176
39,female,34.32,5,no,southeast,8596.8278
44,male,37.1,2,no,southwest,7740.337
18,male,43.01,0,no,southeast,1149.3959
25,female,30.3,0,no,southwest,2632.992
22,male,35.6,0,yes,southwest,35585.576
23,female,34.865,0,no,northeast,2899.48935
54,female,27.645,1,no,northwest,11305.93455
51,female,21.56,1,no,southeast,9855.1314
27,male,31.13,1,yes,southeast,34806.4677
64,female,22.99,0,yes,southeast,27037.9141
56,male,34.43,0,no,southeast,10594.2257
21,male,26.03,0,no,northeast,2102.2647
35,male,39.71,4,no,northeast,19496.71917
19,male,35.4,0,no,southwest,1263.249
20,female,31.46,0,no,southeast,1877.9294
